{
  "model_name": "Corrected Random Forest",
  "features_count": 71,
  "training_samples": 6344,
  "mae": 0.1780926418381562,
  "mse": 0.140516782940003,
  "r2": 0.7508289318101171,
  "priority_range": [
    1.0,
    5.0
  ],
  "created_date": "2025-06-24T14:29:33.134644",
  "missing_data_fixed": true,
  "priority_distribution": {
    "1.0": 500,
    "1.3": 529,
    "2.0": 3341,
    "2.2": 1063,
    "3.0": 235,
    "3.8": 550,
    "4.0": 10,
    "4.5": 116
  }
}