{
  "model_name": "Data-Driven TAQA Regressor",
  "approach": "Learned from actual TAQA patterns",
  "training_samples": 4086,
  "test_mae": 0.22632318666259044,
  "test_mse": 0.15827551787474303,
  "test_r2": 0.14859073051138327,
  "cv_mae": 0.22763945593256216,
  "priority_range": [
    1.0,
    4.0
  ],
  "actual_priority_distribution": {
    "1.0": 500,
    "2.0": 3341,
    "3.0": 235,
    "4.0": 10
  },
  "created_date": "2025-06-24T16:31:33.004282"
}